Date,Close/Last,Volume,Open,High,Low
09/30/2021,$26.45,9476012,$27.9,$28,$26.065
09/29/2021,$29.06,3074503,$29.71,$30.13,$28.99
09/28/2021,$29.46,2816580,$29.73,$30.24,$29.185
09/27/2021,$29.82,3057973,$29.64,$30.52,$29.56
09/24/2021,$29.41,2954959,$29.13,$29.78,$28.83
09/23/2021,$29.46,5273877,$28.85,$29.9999,$28.78
09/22/2021,$28.49,2605112,$28,$28.83,$27.86
09/21/2021,$27.71,2432090,$28.01,$28.25,$27.4
09/20/2021,$27.78,3577071,$27.3,$27.79,$27.0722
09/17/2021,$28.12,5152955,$28.11,$28.35,$27.41
09/16/2021,$27.93,4977062,$27.19,$28.43,$27.14
09/15/2021,$27,3559282,$26.66,$27.17,$26.38
09/14/2021,$26.59,4146316,$26.94,$27.29,$26.35
09/13/2021,$27.02,4112108,$26.5,$27.21,$26.12
09/10/2021,$26.52,4110464,$27.28,$27.5,$26.42
09/09/2021,$27.14,5144642,$27.06,$27.69,$26.68
09/08/2021,$27.18,7427021,$28,$28.1099,$26.9565
09/07/2021,$27.93,5280162,$27.24,$28.059,$27.17
09/03/2021,$27.08,6765121,$28.39,$28.45,$26.98
09/02/2021,$28.39,4620055,$28.04,$28.51,$27.81
09/01/2021,$28.41,5209941,$28.78,$29.11,$28.4
08/31/2021,$28.61,6013238,$28.11,$28.72,$27.9
08/30/2021,$28.03,9189976,$28.91,$29.44,$27.94
08/27/2021,$29.22,9735761,$28.41,$29.7842,$28.3928
08/26/2021,$28.51,18347950,$30.21,$30.49,$28.41
08/25/2021,$31.14,37472360,$33.1,$33.58,$30.84
08/24/2021,$37.81,8432402,$36.81,$38.14,$36.51
08/23/2021,$36.67,5446027,$35.83,$37.25,$35.79
08/20/2021,$35.11,4620025,$34,$35.33,$33.89
08/19/2021,$33.94,6326339,$32.1,$34.63,$31.85
08/18/2021,$32.62,3606478,$33.07,$34.05,$32.59
08/17/2021,$33.39,3519677,$34.54,$34.54,$32.7
08/16/2021,$35.15,2816712,$35.52,$36.26,$34.79
08/13/2021,$35.83,2164104,$36.52,$36.665,$35.64
08/12/2021,$36.8,3468755,$38.32,$38.48,$35.91
08/11/2021,$37.58,1689664,$37.13,$37.7,$36.56
08/10/2021,$36.97,3733053,$35.95,$37.31,$35.79
08/09/2021,$35.97,1981273,$35.9,$36.24,$35.16
08/06/2021,$36,1915215,$35.65,$36.63,$35.38
08/05/2021,$34.97,2081207,$33.83,$35.065,$33.83
08/04/2021,$33.57,2307016,$34.28,$35.43,$33.36
08/03/2021,$34.63,3334623,$34.3,$34.86,$32.78
08/02/2021,$34.3,4363220,$33.32,$34.48,$32.98
07/30/2021,$33.1,4629166,$32.38,$34.0849,$32.13
07/29/2021,$32.51,2326789,$32.49,$33.6499,$32.29
07/28/2021,$32.25,1814265,$32,$32.67,$31.46
07/27/2021,$31.79,1761022,$32.08,$32.42,$31.111
07/26/2021,$32.38,3330492,$31.08,$32.53,$31.08
07/23/2021,$31.08,4032801,$32.16,$32.31,$30.79
07/22/2021,$32,2958993,$33.32,$33.485,$31.9
07/21/2021,$33.54,2870508,$33.57,$34.82,$33.4
07/20/2021,$33.07,2522245,$31.77,$33.265,$31.42
07/19/2021,$31.58,3572678,$31.4,$32.19,$30.75
07/16/2021,$32.7,2754026,$33.92,$34,$32.23
07/15/2021,$33.27,2517173,$33.77,$34.0899,$32.8501
07/14/2021,$34.03,2331621,$35.05,$35.85,$33.98
07/13/2021,$34.85,2253177,$36.03,$36.37,$34.75
07/12/2021,$36.3,2051231,$35.39,$36.5898,$35.09
07/09/2021,$36,2864127,$34.21,$36.043,$34.21
07/08/2021,$33.76,2954516,$33.76,$34.3,$32.98
07/07/2021,$34.8,2235013,$36.125,$36.33,$34.49
07/06/2021,$36.25,2103168,$36.66,$36.905,$35.82
07/02/2021,$36.89,1710851,$36.47,$37.14,$35.87
07/01/2021,$36.5,2686348,$36.87,$37.41,$36.295
06/30/2021,$36.57,1936896,$36.54,$36.83,$36.15
06/29/2021,$36.45,2869913,$36.1,$36.67,$35.67
06/28/2021,$35.84,2325846,$36.36,$36.55,$35.57
06/25/2021,$36.42,5379823,$36.5,$37.05,$36.07
06/24/2021,$36.07,2247674,$35.47,$36.13,$34.88
06/23/2021,$35.16,3316872,$34.45,$35.35,$33.9539
06/22/2021,$34.46,4870349,$32.78,$34.605,$32.77
06/21/2021,$32.91,3485485,$32.4,$32.99,$31.83
06/18/2021,$31.9,4879347,$32.93,$33.23,$31.83
06/17/2021,$33.42,3049173,$34.39,$34.54,$32.94
06/16/2021,$34.29,2914261,$33.26,$34.7,$32.72
06/15/2021,$33.49,2363751,$34.22,$34.57,$33.22
06/14/2021,$34.26,2126674,$35.3,$35.4742,$34.05
06/11/2021,$35.27,1679912,$34.53,$35.37,$34.33
06/10/2021,$34.33,1947740,$35.21,$35.86,$34.28
06/09/2021,$35.01,2335505,$34.91,$35.93,$34.5973
06/08/2021,$34.85,2073420,$34.53,$35.13,$33.94
06/07/2021,$34.51,2591253,$34.05,$34.58,$33.82
06/04/2021,$33.91,3223901,$34.71,$34.74,$33.33
06/03/2021,$34.47,3181888,$35.34,$35.42,$34.43
06/02/2021,$35.56,4614359,$34.1,$35.88,$33.49
06/01/2021,$34.23,4668585,$34.03,$35.2374,$33.89
05/28/2021,$33.54,6103848,$34.14,$34.55,$33.321
05/27/2021,$34.3,5323174,$34.55,$34.94,$33.74
05/26/2021,$34.37,21636250,$33.9,$34.98,$32.5523
05/25/2021,$36.48,4959477,$37.37,$38.06,$36.33
05/24/2021,$37.55,2675886,$38.18,$38.43,$37.1301
05/21/2021,$37.81,1597410,$38.37,$38.685,$37.79
05/20/2021,$38.11,4120168,$40.44,$40.46,$37.6
05/19/2021,$40.66,2703734,$41.22,$41.79,$39.98
05/18/2021,$41.98,2342637,$43.5,$43.8,$41.59
05/17/2021,$43.11,3415708,$40.7,$43.25,$40.7
05/14/2021,$40.95,4216372,$37.55,$41,$37.35
05/13/2021,$36.81,2577220,$36.26,$38.23,$35.82
05/12/2021,$36.04,2489277,$37.73,$38.525,$35.95
05/11/2021,$37.99,3087363,$38.12,$38.76,$36.99
05/10/2021,$39.34,3828763,$40,$40.88,$39.18
05/07/2021,$39.84,2198385,$38.45,$39.98,$38.27
05/06/2021,$38.42,2114100,$38.71,$39.3899,$37.78
05/05/2021,$38.65,5466157,$38.65,$41.67,$37.8
05/04/2021,$38.2,2679318,$38.48,$38.74,$37.16
05/03/2021,$38.88,2856514,$36.88,$39.11,$36.87
04/30/2021,$36.68,1940606,$37.47,$37.85,$36.645
04/29/2021,$37.65,1803569,$38.4,$38.6118,$37.1599
04/28/2021,$38.19,1800855,$37.6,$38.79,$37.4
04/27/2021,$37.51,4181792,$36.31,$37.84,$36.31
04/26/2021,$36.53,2476129,$37.83,$38.28,$36.25
04/23/2021,$37.6,1756122,$37.07,$37.71,$36.32
04/22/2021,$36.81,2665296,$36.99,$37.75,$36.54
04/21/2021,$36.86,3672743,$34.81,$37.13,$34.29
04/20/2021,$34.81,3417137,$35.03,$35.22,$33.86
04/19/2021,$35.55,1650223,$36.04,$36.175,$35.145
04/16/2021,$35.83,4052705,$36.16,$36.36,$35.13
04/15/2021,$35.94,3400982,$37.32,$37.45,$35.34
04/14/2021,$37.13,3248186,$36.6,$37.64,$36.37
04/13/2021,$36.4,3953483,$37.48,$37.65,$35.36
04/12/2021,$37.58,2032661,$37.61,$38.359,$37.01
04/09/2021,$37.67,3408480,$37.08,$38.168,$36.2
04/08/2021,$36.98,2359451,$36.18,$37.28,$35.52
04/07/2021,$36.73,1643715,$37.36,$37.76,$36.28
04/06/2021,$37.23,2866961,$36.53,$38.05,$36.51
04/05/2021,$36.83,2596007,$37.53,$37.62,$35.95
04/01/2021,$36.76,3757040,$38.01,$38.135,$36.515
03/31/2021,$37.87,2572870,$38,$39.22,$37.87
03/30/2021,$38.16,2595705,$37.64,$38.63,$36.73
03/29/2021,$37.33,1950038,$38.41,$38.94,$36.93
03/26/2021,$38.72,2824959,$38.32,$39.15,$37.47
03/25/2021,$37.44,4269518,$34.17,$37.86,$33.71
03/24/2021,$35.17,4696946,$37.45,$38.28,$35.09
03/23/2021,$36.94,5412217,$39.36,$39.87,$36.17
03/22/2021,$40.04,3585272,$42.12,$42.1899,$39.66
03/19/2021,$42.49,2955240,$42.18,$42.89,$41.36
03/18/2021,$42.59,2380831,$43.92,$44.69,$42.27
03/17/2021,$43.94,2878006,$44.69,$45.64,$43.68
03/16/2021,$44.86,4773072,$44.83,$45.55,$44.15
03/15/2021,$45.79,10441750,$40.97,$46.45,$40.93
03/12/2021,$41.37,7393825,$38,$41.68,$37.99
03/11/2021,$37.4,2682182,$37.69,$38.17,$36.92
03/10/2021,$37.71,2408524,$36.87,$38,$36.5
03/09/2021,$37.62,3533232,$37.7,$38.115,$36.7
03/08/2021,$37.34,5188619,$35.35,$37.8799,$35.14
03/05/2021,$35.07,4395586,$36.33,$36.69,$33.36
03/04/2021,$35.52,3726195,$36,$36.75,$34.4262
03/03/2021,$36.27,7348419,$36.65,$37.5,$34.71
03/02/2021,$37.58,4123102,$38,$38.695,$37.15
03/01/2021,$37.97,2966367,$37.03,$38.66,$36.85
02/26/2021,$36.45,2712260,$36.36,$37.42,$35.55
02/25/2021,$36.97,3594383,$37.73,$38.88,$36.34
02/24/2021,$37.39,1859342,$37.82,$38.34,$36.86
02/23/2021,$37.56,2509136,$37.66,$37.91,$34.7
02/22/2021,$37.43,4347893,$37.5,$38.94,$37.25
02/19/2021,$37.04,2301040,$36.05,$37.27,$35.88
02/18/2021,$36.02,2638290,$35.67,$36.33,$35.07
02/17/2021,$36.05,2438167,$35.8,$36.6825,$35.32
02/16/2021,$36.08,3453170,$35.5,$36.2499,$34.8653
02/12/2021,$34.85,1729153,$34.79,$35.1694,$34.3105
02/11/2021,$34.52,2279912,$34.8,$35.88,$34.41
02/10/2021,$34.98,2758939,$35.46,$35.74,$34.29
02/09/2021,$34.03,2539322,$34.76,$35.02,$33.62
02/08/2021,$34.78,2974970,$34.23,$35.195,$34.11
02/05/2021,$34.06,6463025,$34.58,$34.68,$33.08
02/04/2021,$34,10387450,$36.83,$38.2,$33.64
02/03/2021,$36.5,5208660,$35.02,$36.6,$34.91
02/02/2021,$34.54,4208241,$36.18,$36.38,$34.47
02/01/2021,$35.82,4175730,$35.58,$36.2999,$34.91
01/29/2021,$35.45,6515892,$37.43,$38.2,$34.9
01/28/2021,$36.4,7178878,$39.4,$39.7,$35.71
01/27/2021,$39.25,9076904,$40.15,$42.22,$39.02
01/26/2021,$39.49,4201880,$38.6,$39.74,$37.78
01/25/2021,$37.99,8080107,$37.81,$42.14,$37.13
01/22/2021,$37.37,2577291,$35.75,$37.38,$35.4
01/21/2021,$36.24,2025543,$36.07,$36.65,$35.8127
01/20/2021,$35.88,3058838,$36.7,$37.565,$35.855
01/19/2021,$36.24,3542509,$36.73,$37.31,$35.38
01/15/2021,$36.24,6656211,$37.74,$37.93,$35.83
01/14/2021,$38.02,11884980,$35.52,$38.2181,$35.43
01/13/2021,$37.58,6975667,$36.5,$37.94,$36.04
01/12/2021,$37.25,8158554,$34.86,$37.37,$34.77
01/11/2021,$34.77,4040504,$33.63,$35.56,$33.42
01/08/2021,$34.24,4054961,$33.68,$34.75,$32.75
01/07/2021,$33.67,4387027,$33.9,$34.73,$33.36
01/06/2021,$33.46,6568304,$31.96,$34.28,$31.83
01/05/2021,$31.48,3570805,$30.28,$31.66,$30.2
01/04/2021,$30.33,5181785,$31.32,$31.605,$29.83
12/31/2020,$31.21,4391539,$31.65,$32.31,$31.0956
12/30/2020,$31.53,3862491,$30.45,$31.7,$30.21
12/29/2020,$30.32,4050073,$30.8,$30.93,$29.7438
12/28/2020,$31.04,4061200,$30.71,$31.75,$30.2
12/24/2020,$30.34,2037254,$30.9,$30.9,$29.88
12/23/2020,$30.89,5196758,$29.72,$31.4,$29.72
12/22/2020,$29.33,4341672,$30.24,$30.83,$29.03
12/21/2020,$29.93,4854044,$29,$30.21,$28.71
12/18/2020,$30.12,6637726,$31.3,$31.48,$29.92
12/17/2020,$31.47,3647352,$30.96,$31.6273,$30.75
12/16/2020,$30.93,3579937,$31.12,$31.6149,$30.47
12/15/2020,$31.16,4443380,$29.99,$31.19,$29.9
12/14/2020,$29.76,5805099,$31.49,$31.88,$29.74
12/11/2020,$30.82,5852753,$31.2,$31.5,$30.23
12/10/2020,$31.78,6103773,$31.3,$32.05,$30.69
12/09/2020,$31.87,7756864,$31.995,$32.47,$30.97
12/08/2020,$31.52,6314112,$30.58,$32.368,$30.46
12/07/2020,$30.94,7447626,$31,$31.605,$30.13
12/04/2020,$31.44,11272740,$30,$31.68,$29.83
12/03/2020,$29.52,10177050,$29,$30.32,$28.92
12/02/2020,$28.75,9329048,$26.68,$28.96,$26.3
12/01/2020,$27.43,12197490,$26.59,$27.9,$26.1661
11/30/2020,$25.92,12929230,$26.43,$26.44,$25.02
11/27/2020,$26.73,8856557,$27.2,$27.35,$26.09
11/25/2020,$27.41,37359310,$25.45,$29.54,$24.94
11/24/2020,$24.55,20897050,$24.71,$24.79,$23.7478
11/23/2020,$23.44,15476290,$22.22,$23.98,$22
11/20/2020,$21.29,8719327,$21.39,$21.91,$20.73
11/19/2020,$21.49,12052600,$20.4,$21.53,$19.99
11/18/2020,$20.79,16482780,$20.75,$21.71,$20.435
11/17/2020,$20.36,16844220,$18.84,$20.69,$18.36
11/16/2020,$19.19,20827850,$18.6,$19.64,$17.79
11/13/2020,$17.31,14492570,$16.04,$17.53,$15.79
11/12/2020,$15.69,10576270,$15.71,$16.175,$15.32
11/11/2020,$16.22,12702250,$17.29,$17.56,$16.01
11/10/2020,$17.73,17571250,$16.05,$17.85,$16.05
11/09/2020,$16.16,27212810,$15.97,$17.07,$14.95
11/06/2020,$12.84,7820295,$12.65,$13.27,$12.48
11/05/2020,$12.67,10420110,$12.57,$12.85,$12.37
11/04/2020,$12.5,11354480,$13.2,$13.2,$12.35
11/03/2020,$13.36,11262810,$12.33,$13.57,$12.3253
11/02/2020,$12.18,7512356,$12.18,$12.42,$11.9585
10/30/2020,$12.1,9931677,$12.2,$12.39,$11.88
10/29/2020,$12.21,8416062,$12.26,$12.67,$12.05
10/28/2020,$12.36,8850723,$12.19,$12.85,$11.98
10/27/2020,$12.58,7142633,$13.09,$13.29,$12.51
10/26/2020,$13.24,12453050,$14.12,$14.27,$12.94
10/23/2020,$14.33,10922750,$13.71,$14.34,$13.165
10/22/2020,$13.57,11461490,$12.42,$13.595,$12.415
10/21/2020,$12.45,7515655,$12.34,$12.58,$11.88
10/20/2020,$12.31,7059459,$12.31,$12.605,$12.26
10/19/2020,$12.17,10202670,$13.01,$13.0251,$12.14
10/16/2020,$12.93,7568251,$13.64,$13.64,$12.825
10/15/2020,$13.46,5586517,$13,$13.46,$12.82
10/14/2020,$13.21,5852236,$13.44,$13.73,$13.2
10/13/2020,$13.36,5766981,$13.46,$13.55,$13.19
10/12/2020,$13.57,10454160,$13.86,$14.58,$13.47
10/09/2020,$13.86,10329970,$14.38,$14.505,$13.73
10/08/2020,$14.17,10973310,$13.28,$14.2,$13.11
10/07/2020,$13.11,9124938,$13.08,$13.31,$12.82
10/06/2020,$12.9,7592389,$13.5,$13.7527,$12.8
10/05/2020,$13.32,7366240,$13,$13.395,$12.98
10/02/2020,$12.8,9165124,$12.03,$12.83,$12
10/01/2020,$12.6,10115270,$11.95,$12.65,$11.82
09/30/2020,$11.92,11087230,$11.98,$12.32,$11.875
09/29/2020,$11.79,9701600,$12.24,$12.24,$11.72
09/28/2020,$12.27,7323521,$12.29,$12.6,$12.11
09/25/2020,$11.92,9962934,$12.07,$12.21,$11.8
09/24/2020,$12.12,11547740,$12.03,$12.325,$11.72
09/23/2020,$12.23,12738800,$13.09,$13.4155,$12.19
09/22/2020,$12.97,13037980,$13.33,$13.345,$12.735
09/21/2020,$13.24,12487800,$14.09,$14.14,$13.21
09/18/2020,$14.48,10753750,$14.95,$15.08,$14.47
09/17/2020,$14.94,5765709,$14.93,$15.14,$14.75
09/16/2020,$15.07,7234351,$14.74,$15.225,$14.445
09/15/2020,$14.72,8442231,$15.16,$15.305,$14.69
09/14/2020,$15.07,8982275,$14.6,$15.09,$14.42
09/11/2020,$14.47,9987285,$15,$15.02,$14.17
09/10/2020,$14.95,10407930,$15.48,$15.68,$14.93
09/09/2020,$15.4,10392720,$16.23,$16.275,$15.27
09/08/2020,$16.32,9531264,$16.25,$16.63,$15.75
09/04/2020,$16.28,8568096,$16.13,$16.31,$15.39
09/03/2020,$15.84,10312840,$15.7,$16.36,$15.57
09/02/2020,$15.58,8520061,$15.34,$15.945,$15.16
09/01/2020,$15.18,7783955,$15.8,$15.995,$15.16
08/31/2020,$16,7374384,$15.67,$16.21,$15.45
08/28/2020,$15.68,8540774,$14.88,$15.69,$14.72
08/27/2020,$14.79,9539758,$14.71,$15.22,$14.67
08/26/2020,$14.69,21705560,$15.03,$15.62,$14.45
08/25/2020,$15.54,12535660,$15.63,$15.97,$15.08
08/24/2020,$15.57,10820620,$14.66,$15.65,$14.62
08/21/2020,$14.48,7531247,$14.88,$15.0101,$14.405
08/20/2020,$14.77,8848675,$15.13,$15.37,$14.75
08/19/2020,$15.4,7211041,$15.31,$15.855,$15.185
08/18/2020,$15.45,12224520,$16.34,$16.48,$15.195
08/17/2020,$17.13,7813939,$17.2,$17.3094,$16.61
08/14/2020,$17.12,14867700,$16.6,$18.13,$16.4
08/13/2020,$16.77,6518639,$16.65,$16.97,$16.515
08/12/2020,$16.9,6579504,$17.18,$17.34,$16.365
08/11/2020,$16.89,9722093,$17.63,$17.78,$16.8
08/10/2020,$16.9,7881888,$16.11,$16.98,$16.05
08/07/2020,$16,8745284,$15.23,$16.14,$14.94
08/06/2020,$15.28,7024454,$15.43,$15.585,$15.035
08/05/2020,$15.65,12004740,$14.8,$15.72,$14.756
08/04/2020,$14.56,9540804,$14.18,$14.64,$14.09
08/03/2020,$14.19,8011356,$13.76,$14.42,$13.5299
07/31/2020,$13.69,7164577,$14,$14.15,$13.52
07/30/2020,$13.96,7165322,$14.12,$14.215,$13.62
07/29/2020,$14.44,6229756,$14.27,$14.72,$14.2
07/28/2020,$14.22,8205943,$14.03,$14.57,$13.97
07/27/2020,$14.13,11611670,$15,$15.01,$13.87
07/24/2020,$15.06,4725021,$15.2,$15.64,$15.005
07/23/2020,$15.46,7557793,$14.95,$15.745,$14.91
07/22/2020,$15.14,10253780,$15.32,$15.479,$14.75
07/21/2020,$15.69,10509400,$14.85,$15.95,$14.76
07/20/2020,$14.64,10740350,$15.03,$15.15,$14.13
07/17/2020,$15.07,6555819,$15.89,$15.99,$15.065
07/16/2020,$15.98,8772224,$15.71,$16.48,$15.61
07/15/2020,$16.11,11334030,$15.54,$16.25,$15.35
07/14/2020,$14.96,6800274,$15.2,$15.49,$14.9
07/13/2020,$15.35,9442796,$15.99,$16.05,$15.18
07/10/2020,$15.76,5732119,$15.12,$15.96,$15.02
07/09/2020,$15.29,7184941,$15.92,$15.92,$15.1
07/08/2020,$16.08,7466815,$15.17,$16.12,$14.85
07/07/2020,$15.24,6866231,$15.56,$15.725,$15.02
07/06/2020,$15.83,6096185,$15.87,$16.13,$15.34
07/02/2020,$15.5,6873668,$15.7,$15.99,$15.23
07/01/2020,$15.15,10726340,$15.46,$16.2911,$15.095
06/30/2020,$15.49,6597275,$15.61,$15.94,$15.3
06/29/2020,$15.79,9848689,$14.95,$15.8,$14.56
06/26/2020,$14.69,12943990,$15.2,$15.69,$14.52
06/25/2020,$15.37,11643890,$15.55,$15.94,$15
06/24/2020,$15.97,11382970,$16.89,$16.95,$15.66
06/23/2020,$17.2,8965328,$17.2,$17.33,$16.79
06/22/2020,$17.21,7819647,$17.01,$17.65,$16.84
06/19/2020,$17.07,29596950,$18.64,$18.72,$16.885
06/18/2020,$18.22,6106919,$18,$18.81,$17.73
06/17/2020,$18.42,8264364,$19.02,$19.19,$18.42
06/16/2020,$19.5,20473900,$19.24,$20.12,$18.706
06/15/2020,$17.27,9597080,$16.66,$17.61,$16.43
06/12/2020,$17.63,11214010,$18.28,$18.4,$16.81
06/11/2020,$17.15,15102650,$17.65,$18.56,$17.01
06/10/2020,$19.54,9855663,$21.01,$21.01,$19.53
06/09/2020,$21.23,11873060,$22.84,$22.92,$20.9586
06/08/2020,$23.56,9285565,$24.42,$24.5,$22.42
06/05/2020,$22.62,13841650,$23.46,$24.94,$21.71
06/04/2020,$21.33,12941480,$19.25,$21.55,$19.1401
06/03/2020,$19.43,12095580,$18.2,$19.7,$18.2
06/02/2020,$17.78,11738530,$16.85,$17.89,$16.28
06/01/2020,$16.59,11368570,$16.2,$17.49,$16.1
05/29/2020,$16.13,25117530,$16.837,$16.96,$16
05/28/2020,$18.12,12505670,$19.68,$19.85,$17.86
05/27/2020,$19.64,13665960,$18.01,$19.7,$17.865
05/26/2020,$16.81,10707560,$16.52,$17.12,$16.38
05/22/2020,$15.66,6082315,$16.03,$16.2191,$15.22
05/21/2020,$15.99,9775466,$15.12,$16.26,$15.01
05/20/2020,$15.1,7560474,$16.12,$16.1899,$15
05/19/2020,$15.75,6816268,$16.5,$16.52,$15.46
05/18/2020,$16.61,7625824,$17.24,$17.53,$16.31
05/15/2020,$16.37,7407479,$15.3,$16.98,$15.0201
05/14/2020,$15.61,6009400,$15.02,$16.45,$14.24
05/13/2020,$15.5,4474879,$16.04,$16.09,$15.16
05/12/2020,$16.16,4446402,$17.41,$17.98,$16.16
05/11/2020,$17.12,5043826,$17.75,$17.75,$16.82
05/08/2020,$18.03,4060040,$17.7,$18.06,$17.42
05/07/2020,$17.29,3541990,$17.35,$18.03,$17.28
05/06/2020,$17.14,3883325,$17.6,$17.6399,$16.71
05/05/2020,$17.34,3992730,$18.55,$18.7,$17.21
05/04/2020,$17.86,4080436,$17.03,$18.08,$16.61
05/01/2020,$17.66,4470705,$18.05,$18.32,$17.28
04/30/2020,$18.78,7203910,$19.79,$20.22,$18.45
04/29/2020,$20.38,6626197,$21.65,$21.84,$19.9
04/28/2020,$20.62,6973615,$21.24,$22.06,$19.73
04/27/2020,$20.27,5847693,$18.1,$20.56,$17.84
04/24/2020,$17.84,5659281,$17.65,$18.3301,$17.21
04/23/2020,$17.54,5943419,$16.21,$17.71,$16.09
04/22/2020,$16.32,5183640,$17.03,$17.19,$15.8527
04/21/2020,$16.68,5132370,$16.5,$17.23,$16.18
04/20/2020,$17.4,4530522,$18,$18.89,$17.33
04/17/2020,$18.8,5562029,$18.75,$19.35,$17.8
04/16/2020,$17.15,4225589,$18.1,$18.11,$17.04
04/15/2020,$18.15,6565896,$18.55,$18.9,$17.34
04/14/2020,$20.05,6238262,$21.12,$22.08,$19.65
04/13/2020,$20.44,6799114,$21.4,$21.99,$19.61
04/09/2020,$21.32,9866037,$20.8,$21.94,$20.25
04/08/2020,$19,8862729,$18.38,$20.35,$18.25
04/07/2020,$18.04,12243780,$18.89,$20.94,$17.56
04/06/2020,$16.2,8976808,$14.18,$16.47,$13.91
04/03/2020,$13.05,5436878,$13.14,$13.375,$12.27
04/02/2020,$13.18,6423934,$13.21,$14.56,$12.76
04/01/2020,$13.29,7272333,$14.5,$14.55,$13.07
03/31/2020,$15.34,4600467,$15.7,$16.57,$15.07
03/30/2020,$15.78,4721186,$15.84,$16.07,$15
03/27/2020,$16.01,6136882,$16.84,$16.84,$15.57
03/26/2020,$17.93,6006628,$18.24,$19.13,$16.94
03/25/2020,$18.26,4731611,$18.7,$19.87,$16.61
03/24/2020,$18.56,6327316,$16.72,$19,$16.59
03/23/2020,$15.61,5534631,$17.72,$18.07,$15.07
03/20/2020,$17.86,5974202,$21.35,$21.73,$17.6
03/19/2020,$21.25,5616271,$19.34,$22.26,$18.39
03/18/2020,$19.76,7752209,$17.27,$20.3,$16.61
03/17/2020,$18.72,11378480,$17.15,$18.74,$14.06
03/16/2020,$17.19,5521185,$18.5,$19.11,$16.27
03/13/2020,$21.59,8484335,$21.45,$22.13,$20.18
03/12/2020,$19.88,8191090,$22.46,$22.54,$19.22
03/11/2020,$24.03,7099042,$26.42,$26.42,$23.87
03/10/2020,$27.11,5614112,$27.82,$28.14,$25.96
03/09/2020,$26.79,5674182,$26.65,$27.31,$25.51
03/06/2020,$29.04,4643769,$28.67,$30.2,$28.08
03/05/2020,$29.37,6690027,$31.46,$31.96,$29.18
03/04/2020,$32.88,13691300,$31.38,$33.31,$31.13
03/03/2020,$33.44,4847771,$34.6,$35.79,$33.08
03/02/2020,$34.42,4442540,$34.78,$34.78,$33.125
02/28/2020,$34.7,5232075,$34.03,$35.59,$33.625
02/27/2020,$35.04,4869112,$35.17,$36.94,$34.06
02/26/2020,$36.38,3099221,$37.03,$37.75,$36.06
02/25/2020,$36.8,5139579,$39.23,$39.23,$36.03
02/24/2020,$38.97,3115157,$38.92,$39.5899,$38.76
02/21/2020,$40.54,1518326,$40.62,$40.91,$40.32
02/20/2020,$41.08,2022330,$40.5,$41.31,$40.27
02/19/2020,$40.52,1746560,$39.99,$40.55,$39.645
02/18/2020,$39.95,2257407,$40.05,$40.44,$39.52
02/14/2020,$40.28,1546436,$39.37,$40.33,$39.03
02/13/2020,$39.4,2244982,$39.45,$39.45,$38.3
02/12/2020,$39.72,1886280,$38.83,$39.82,$38.55
02/11/2020,$38.49,1329527,$38.06,$38.5,$37.46
02/10/2020,$37.9,1577878,$38,$38.57,$37.66
02/07/2020,$38.12,1635688,$39.38,$39.55,$37.925
02/06/2020,$39.79,1875075,$40.67,$40.96,$39.79
02/05/2020,$40.46,3781144,$38.7,$40.72,$38.57
02/04/2020,$38.3,2313600,$38.12,$38.54,$37.7
02/03/2020,$37.52,2022601,$37,$38.12,$36.76
01/31/2020,$36.86,4457128,$38.6,$38.66,$36.525
01/30/2020,$38.67,2026625,$37.89,$38.82,$37.76
01/29/2020,$38.52,1651909,$38.73,$39.41,$38.52
01/28/2020,$38.51,2207998,$38.63,$38.66,$37.87
01/27/2020,$38.28,2665892,$37.92,$38.56,$37.65
01/24/2020,$38.67,2130651,$39.47,$39.47,$38.56
01/23/2020,$39.34,2543208,$39.58,$39.654,$38.88
01/22/2020,$39.88,1442495,$39.8,$40.49,$39.78
01/21/2020,$39.69,2781666,$40.29,$40.36,$39.27
01/17/2020,$40.34,3300458,$40.53,$40.65,$40.22
01/16/2020,$40.49,2028138,$40.49,$41.06,$40.16
01/15/2020,$40.41,3478036,$41.18,$41.39,$40.385
01/14/2020,$41.5,2332846,$41.73,$41.99,$41.19
01/13/2020,$41.67,2107207,$41.65,$42.02,$40.97
01/10/2020,$41.75,2088817,$41.92,$42.36,$41.65
01/09/2020,$42.2,3553825,$41.59,$42.65,$41.34
01/08/2020,$42.14,2783191,$42.25,$42.96,$41.63
01/07/2020,$41.99,5220120,$41.54,$43.37,$41.465
01/06/2020,$40.98,3721298,$40.75,$41.23,$40.18
01/03/2020,$39.88,3154107,$39.41,$40.8,$39.32
01/02/2020,$40.11,3522434,$41.08,$41.19,$39.87
12/31/2019,$40.93,1671184,$40.5,$41.04,$40.5
12/30/2019,$40.66,1880507,$40.99,$41.23,$40.51
12/27/2019,$40.9,1289194,$41.26,$41.49,$40.74
12/26/2019,$41.15,1274430,$40.59,$41.17,$40.42
12/24/2019,$40.42,782247,$40.84,$41.07,$40.31
12/23/2019,$40.73,2042765,$40.78,$41.09,$40.19
12/20/2019,$40.66,4559248,$40.89,$41.33,$40.36
12/19/2019,$40.74,4520096,$40.26,$40.78,$39.9497
12/18/2019,$40.48,4035528,$39.8,$40.763,$39.51
12/17/2019,$39.29,1600411,$38.75,$39.52,$38.55
12/16/2019,$38.86,3006763,$38.68,$39.19,$38.3
12/13/2019,$38.38,2774950,$39.8,$39.8,$38.11
12/12/2019,$39.69,2442220,$39,$39.79,$38.78
12/11/2019,$38.83,1952048,$39,$39.09,$38.58
12/10/2019,$39.03,2514925,$38.76,$39.1,$38.23
12/09/2019,$38.91,3498797,$37.55,$39.34,$37.44
12/06/2019,$37.56,1848919,$37.79,$38.5298,$37.52
12/05/2019,$37.41,2543625,$38,$38.41,$37.36
12/04/2019,$37.68,2549117,$36.9,$37.8,$36.73
12/03/2019,$36.6,2385168,$36.83,$37.13,$36.22
12/02/2019,$37.54,2562031,$38.25,$38.34,$37.5
11/29/2019,$38.17,1549420,$38.3,$38.3,$37.7
11/27/2019,$38.32,2898109,$37.97,$38.55,$37.67
11/26/2019,$38.18,6112468,$38.18,$38.71,$37.725
11/25/2019,$38.36,5804914,$38.46,$38.66,$37.45
11/22/2019,$37.95,19719950,$37.05,$38.47,$36.41
11/21/2019,$34.32,9447095,$32.97,$34.79,$32.71
11/20/2019,$33.95,5608664,$35.11,$35.19,$33.68
11/19/2019,$35.5,5458207,$35.98,$36.53,$34.62
11/18/2019,$37.87,3040292,$37.9,$38.16,$37.26
11/15/2019,$38.04,2995670,$37.99,$38.275,$36.97
11/14/2019,$37.82,2140966,$37.12,$38,$37.12
11/13/2019,$37.18,3991614,$36.58,$37.52,$36.442
11/12/2019,$36.9,4270729,$36.8,$37.85,$36.1
11/11/2019,$37.43,2306433,$36.44,$37.44,$36.11
11/08/2019,$36.65,2400086,$36.91,$36.98,$36.04
11/07/2019,$37.13,1517424,$37.42,$37.57,$36.95
11/06/2019,$36.73,2195047,$36.5,$36.815,$35.71
11/05/2019,$36.49,3277102,$37.19,$37.83,$36.455
11/04/2019,$36.8,2201574,$37.12,$37.49,$36.51
11/01/2019,$36.69,1726134,$36.21,$36.91,$36.03
10/31/2019,$35.9,2975295,$34.95,$35.93,$34.4679
10/30/2019,$35.21,3300268,$35.98,$36.4463,$34.68
10/29/2019,$37.11,2096677,$37.58,$38,$36.92
10/28/2019,$38.04,2811190,$37.5,$38.18,$37.4341
10/25/2019,$37.23,3171121,$35.87,$37.81,$35.87
10/24/2019,$36.28,2281405,$36.73,$36.79,$35.69
10/23/2019,$36.65,2545490,$37.13,$37.47,$36.43
10/22/2019,$36.93,3029735,$35.72,$37.02,$35.15
10/21/2019,$35.71,2325491,$35.2,$35.83,$35.01
10/18/2019,$34.58,2669726,$34,$34.955,$33.87
10/17/2019,$35.04,1699684,$35.12,$35.21,$34.55
10/16/2019,$34.86,2111912,$35.08,$35.82,$34.6325
10/15/2019,$35.48,2225363,$34.74,$35.63,$34.37
10/14/2019,$34.68,2452852,$34.92,$34.96,$34.03
10/11/2019,$34.98,3431755,$34.13,$35.425,$34
10/10/2019,$33.76,1598477,$33.23,$34,$33.06
10/09/2019,$33.1,1957343,$33.23,$33.41,$33.01
10/08/2019,$32.96,4402055,$32.47,$33.42,$31.83
10/07/2019,$33.07,2233532,$32.52,$33.32,$32.42
10/04/2019,$32.49,2688386,$32.05,$32.56,$31.73
10/03/2019,$32.14,2994485,$31.69,$32.4,$30.92
10/02/2019,$31.84,3462053,$33.27,$33.32,$31.69
10/01/2019,$33.48,3235569,$33.76,$34.14,$33.075
09/30/2019,$33.67,2321993,$32.87,$33.77,$32.75
09/27/2019,$32.89,2290509,$32.45,$33.07,$32.3
09/26/2019,$32.19,1901728,$32.28,$32.45,$31.89
09/25/2019,$32.24,2968235,$32.08,$32.86,$31.855
09/24/2019,$32.05,2500610,$32.6,$32.95,$31.48
09/23/2019,$32.35,2643250,$31.8,$32.93,$31.3514
09/20/2019,$32.15,4523203,$32.24,$33.33,$32.08
09/19/2019,$32.15,2734474,$32.7,$32.88,$32.02
09/18/2019,$32.59,3925941,$32.16,$32.794,$32.09
09/17/2019,$32.1,10489370,$35.21,$35.38,$31.84
09/16/2019,$35.57,4268970,$34.29,$35.58,$34.22
09/13/2019,$34.8,4534223,$34.96,$35.63,$34.4229
09/12/2019,$34.62,6178777,$34.65,$35.61,$33.82
09/11/2019,$35.05,5187338,$34.41,$35.095,$33.12
09/10/2019,$34.24,7036710,$32.55,$34.28,$32.26
09/09/2019,$32.77,6469131,$31.09,$32.94,$30.98
09/06/2019,$31.07,5305685,$31.12,$31.66,$30.64
09/05/2019,$31.07,6618189,$29.96,$31.97,$29.9
09/04/2019,$29.51,3928177,$28.71,$29.72,$28.51
09/03/2019,$28.38,3924936,$28.72,$28.84,$27.9044
08/30/2019,$28.97,3270735,$29.2,$29.7403,$28.74
08/29/2019,$29.13,4722264,$28.53,$29.34,$28.53
08/28/2019,$28.7,4704876,$27.9,$29.09,$27.86
08/27/2019,$27.89,7822828,$29.07,$29.21,$27.82
08/26/2019,$28.85,8451643,$28.78,$29.09,$27.791
08/23/2019,$28.57,9612713,$30.5,$30.9,$28.48
08/22/2019,$30.75,28946130,$29,$31.11,$28.55
08/21/2019,$26.54,12856250,$25.56,$26.66,$25.35
08/20/2019,$25.15,5827998,$26.2,$26.34,$25.07
08/19/2019,$26.1,5281535,$25.64,$26.32,$25.44
08/16/2019,$25.32,4785725,$25.46,$25.9899,$25.275
08/15/2019,$25.35,6513199,$26.09,$26.1469,$25.01
08/14/2019,$26.02,9845371,$27.73,$27.85,$25.88
08/13/2019,$29.12,4288763,$28.46,$30.41,$28.02
08/12/2019,$28.6,3740474,$29.03,$29.08,$28.085
08/09/2019,$29.3,3865050,$29.99,$30.16,$29.25
08/08/2019,$30.13,2598539,$30.11,$30.78,$29.8
08/07/2019,$30.15,4031126,$30.18,$30.6,$29.79
08/06/2019,$30.55,2371519,$30.26,$30.65,$29.83
08/05/2019,$30.2,5563474,$30.31,$30.35,$29.49
08/02/2019,$30.79,3425350,$31,$31.3552,$30.595
08/01/2019,$30.83,8022405,$33.16,$33.3033,$30.5
07/31/2019,$33.11,12052960,$30.54,$33.92,$30.54
07/30/2019,$30.69,3450087,$30.89,$31.02,$30.32
07/29/2019,$30.94,4302840,$30.4,$31.035,$30.18
07/26/2019,$30.5,3001491,$30.54,$30.54,$29.82
07/25/2019,$30.31,4579563,$29.95,$30.31,$29.71
07/24/2019,$30.02,4587965,$29.12,$30.157,$29.12
07/23/2019,$29.07,5206677,$28.91,$29.12,$28.225
07/22/2019,$28.76,5581191,$29.77,$30.03,$28.5501
07/19/2019,$29.72,2776207,$29.43,$29.96,$29.4
07/18/2019,$29.37,3512624,$29.74,$29.75,$29.265
07/17/2019,$29.78,4965654,$30.99,$31.08,$29.77
07/16/2019,$31.01,3224310,$31.17,$31.43,$30.99
07/15/2019,$31.15,3023776,$31.37,$31.795,$30.95
07/12/2019,$31.36,2730517,$30.71,$31.485,$30.57
07/11/2019,$30.57,2178124,$30.35,$30.7684,$30.14
07/10/2019,$30.33,3831312,$31.06,$31.06,$30.28
07/09/2019,$30.92,4644844,$31.71,$31.85,$30.91
07/08/2019,$31.82,2930781,$31.9,$32.29,$31.5139
07/05/2019,$31.98,2602701,$31.3,$32.14,$31.12
07/03/2019,$31.25,3201929,$30.97,$31.37,$30.82
07/02/2019,$30.95,4516575,$31.15,$31.2,$30.69
07/01/2019,$31.49,4936575,$32.17,$32.8,$31.15
06/28/2019,$31.86,3449072,$31.55,$32.16,$31.47
06/27/2019,$31.45,5500057,$31.35,$31.85,$31.09
06/26/2019,$32.2,3654743,$32.69,$32.93,$32.18
06/25/2019,$32.77,2922030,$32.78,$32.83,$32.31
06/24/2019,$32.68,3082170,$33.22,$33.22,$32.5
06/21/2019,$33.4,4827590,$33.31,$33.76,$32.74
06/20/2019,$33.21,5427166,$33.74,$33.87,$32.7
06/19/2019,$33.17,8223211,$32.25,$33.39,$31.71
06/18/2019,$32.13,2445383,$32.4,$32.93,$31.98
06/17/2019,$32.47,2825477,$32.48,$33.115,$32.3
06/14/2019,$32.61,2504302,$32.59,$32.67,$32.08
06/13/2019,$32.66,2259514,$32.17,$32.71,$31.84
06/12/2019,$32.14,2323734,$32.82,$33.01,$32.01
06/11/2019,$32.83,4183929,$32.59,$33.17,$32.35
06/10/2019,$32.54,5190270,$31.91,$32.8,$31.88
06/07/2019,$31.67,3103889,$31.08,$31.73,$30.92
06/06/2019,$31.05,6394753,$31.71,$31.8701,$30.55
06/05/2019,$31.96,2673108,$33.14,$33.32,$31.835
06/04/2019,$32.91,3624852,$32.32,$33.18,$32.21
06/03/2019,$32.1,4044688,$31.22,$32.43,$31.15
05/31/2019,$31.3,6560165,$32,$32,$30.91
05/30/2019,$32.47,3375756,$32.4,$32.93,$32.36
05/29/2019,$32.42,3499887,$32.78,$33.039,$32.27
05/28/2019,$32.98,4109227,$33.58,$33.96,$32.965
05/24/2019,$33.5,4390998,$33.96,$34.0243,$33.252
05/23/2019,$33.81,4992281,$34.11,$34.8099,$33.67
05/22/2019,$34.35,15979500,$34.28,$35.21,$33.75
05/21/2019,$37.85,9394056,$37,$38.19,$36.77
05/20/2019,$37.46,4396027,$37.48,$37.8,$36.95
05/17/2019,$37.09,2422362,$36.6,$37.7,$36.37
05/16/2019,$36.93,2862229,$37.59,$37.85,$36.9
05/15/2019,$37.43,4062876,$37.75,$38.1,$37.02
05/14/2019,$38.05,3079328,$37.97,$38.49,$37.045
05/13/2019,$37.6,3278225,$39.04,$39.1195,$37.41
05/10/2019,$39.37,2421987,$39.36,$39.56,$38.76
05/09/2019,$39.8,3211339,$39.12,$39.98,$39.095
05/08/2019,$39.93,2620412,$39.02,$40.35,$38.91
05/07/2019,$39.37,3137117,$40.59,$40.62,$39.2
05/06/2019,$40.62,2841088,$39.93,$40.67,$39.5
05/03/2019,$40.29,2412576,$40.56,$40.688,$40
05/02/2019,$40.47,2720963,$40.51,$41.04,$40.3031
05/01/2019,$40.35,1836526,$40.96,$40.99,$40.34
04/30/2019,$41.02,4058092,$40.86,$41.13,$40.45
04/29/2019,$40.82,2307196,$41.25,$41.63,$40.71
04/26/2019,$41.39,2404748,$40.77,$41.39,$40.12
04/25/2019,$41.05,2750404,$41.82,$41.975,$40.71
04/24/2019,$42,1842096,$41.77,$42.5,$41.77
04/23/2019,$41.78,3582980,$42.35,$42.52,$41.21
04/22/2019,$42.15,2885436,$43.67,$43.75,$42.01
04/18/2019,$43.86,1913570,$43.95,$44.35,$43.65
04/17/2019,$43.83,3163816,$43.59,$44.18,$43.33
04/16/2019,$43.47,4309364,$43.38,$43.49,$43.25
04/15/2019,$43.25,3251677,$43.98,$44.04,$43.18
04/12/2019,$43.83,2356121,$43.95,$44.26,$43.47
04/11/2019,$43.86,3634215,$45.16,$45.69,$43.444
04/10/2019,$44.94,3662373,$45,$46,$44.29
04/09/2019,$44.17,1881489,$44.76,$44.8625,$44.11
04/08/2019,$45.07,1620528,$45.53,$46.03,$44.985
04/05/2019,$45.64,3370330,$45.67,$46.2,$45.45
04/04/2019,$45.55,2371259,$44.62,$45.56,$44.41
04/03/2019,$44.37,2026375,$44.25,$44.67,$44.09
04/02/2019,$43.94,3074072,$44.95,$44.99,$43.88
04/01/2019,$44.9,3004085,$44.31,$44.96,$43.88
03/29/2019,$44.38,2137515,$44.52,$44.68,$43.97
03/28/2019,$44.32,3698706,$44.98,$45.92,$44.28
03/27/2019,$44.65,2340212,$43.73,$44.73,$43.66
03/26/2019,$43.73,2419433,$44,$44.59,$43.57
03/25/2019,$43.54,2161150,$42.79,$44.29,$42.75
03/22/2019,$42.93,3468979,$43.63,$43.88,$42.82
03/21/2019,$43.76,4473019,$42.67,$43.815,$42.54
03/20/2019,$43.45,2661769,$44.55,$44.64,$43.36
03/19/2019,$44.56,2084799,$44.39,$44.95,$44.01
03/18/2019,$44.19,2879497,$43.91,$44.22,$43.61
03/15/2019,$43.74,3020404,$44.47,$44.54,$43.275
03/14/2019,$44.46,2530747,$44.21,$44.55,$43.92
03/13/2019,$44.47,2229276,$44.36,$44.86,$43.99
03/12/2019,$44.43,1930012,$44.44,$44.46,$43.82
03/11/2019,$44.33,1879516,$43.86,$44.55,$43.72
03/08/2019,$43.88,1939864,$44.3,$44.3,$43.56
03/07/2019,$44.75,2757894,$44.5,$44.99,$43.62
03/06/2019,$44.72,2383721,$45.55,$45.98,$44.66
03/05/2019,$45.33,3140044,$45.86,$45.98,$44.74
03/04/2019,$45.47,3688050,$46.87,$46.9263,$45.37
03/01/2019,$46.78,6010466,$48.43,$48.87,$45.57
02/28/2019,$47.28,6267987,$47.59,$47.65,$46.495
02/27/2019,$47.26,4846318,$45.59,$47.28,$45.46
02/26/2019,$45.59,3816772,$45.06,$46.6,$44.92
02/25/2019,$44.81,4357232,$44.39,$45.35,$44.3021
02/22/2019,$44.04,3661015,$43.5,$44.04,$43.15
02/21/2019,$44.49,2376723,$45.01,$45.365,$44.35
02/20/2019,$45,2356483,$45.25,$45.8,$44.8801
02/19/2019,$45.25,2838441,$44.51,$45.45,$44.11
02/15/2019,$44.44,3501056,$44.33,$44.84,$44.22
02/14/2019,$43.9,5066612,$44.04,$44.69,$43.5
02/13/2019,$44.61,5568231,$45.58,$45.58,$43.72
02/12/2019,$45.75,2288374,$45.5,$46.35,$45.21
02/11/2019,$45.36,3317893,$45.56,$45.6029,$45.03
02/08/2019,$45.47,2343781,$46.22,$46.3675,$45.375
02/07/2019,$46.41,2528150,$46.15,$46.65,$45.81
02/06/2019,$46.11,1820764,$46.31,$46.73,$45.82
02/05/2019,$46.62,2081331,$46.25,$46.79,$45.96
02/04/2019,$45.82,1947316,$45.49,$46,$45.02
02/01/2019,$45.33,3870125,$46.48,$46.8,$45.2
01/31/2019,$46.41,4779994,$45.23,$46.45,$44.96
01/30/2019,$45.38,3082471,$46,$46.35,$45.25
01/29/2019,$45.92,3354924,$45.96,$46.09,$45.24
01/28/2019,$46.06,3724348,$46.65,$46.73,$45.69
01/25/2019,$47.08,2600825,$47,$47.65,$46.73
01/24/2019,$46.72,2472625,$46.54,$46.74,$45.6
01/23/2019,$46.63,2140498,$47.16,$47.16,$45.9
01/22/2019,$47.07,2321631,$47.26,$47.83,$46.78
01/18/2019,$47.52,4103977,$46.27,$47.87,$46.27
01/17/2019,$45.88,3465348,$44.83,$46.08,$44.77
01/16/2019,$45.01,10651230,$43.26,$45.065,$43.04
01/15/2019,$47.26,1717911,$47.07,$47.56,$46.98
01/14/2019,$47.28,1801272,$47.19,$47.85,$46.94
01/11/2019,$47.38,3632574,$47.21,$48.77,$46.84
01/10/2019,$47.3,4227848,$45.81,$47.34,$44.6
01/09/2019,$49.29,3078253,$48.91,$49.96,$48.21
01/08/2019,$49.02,2409050,$49.43,$49.98,$47.86
01/07/2019,$48.16,2383458,$46.74,$48.91,$46.65
01/04/2019,$46.97,2849645,$47.48,$47.69,$46.67
01/03/2019,$47,2915293,$47.24,$48.11,$46.59
01/02/2019,$47.48,2761683,$45.96,$48.1,$45.67
12/31/2018,$46.61,1972033,$46.12,$47.1,$45.55
12/28/2018,$46.05,2261408,$46.84,$46.89,$45.66
12/27/2018,$46.66,2278326,$46.09,$46.67,$44.9099
12/26/2018,$46.75,4339048,$44.7,$46.94,$44.7
12/24/2018,$44.19,2869730,$44.08,$44.95,$43.7
12/21/2018,$44.32,3989089,$46.26,$46.96,$44.23
12/20/2018,$46.13,3164476,$46.56,$47.07,$45.44
12/19/2018,$46.8,2453570,$48.29,$48.78,$46.66
12/18/2018,$48.31,2874664,$47.99,$48.81,$47.68
12/17/2018,$47.66,2454641,$48.38,$48.77,$47.4442
12/14/2018,$48.61,2426153,$48.84,$49.98,$48.37
12/13/2018,$48.97,2577215,$49.97,$50.43,$48.41
12/12/2018,$50.17,3000572,$49.64,$50.66,$49.26
12/11/2018,$49.04,2133548,$49.5,$50.3,$48.52
12/10/2018,$49.04,2453549,$49.57,$49.67,$47.8324
12/07/2018,$49.36,2757035,$50.74,$51.14,$49
12/06/2018,$50.69,3485916,$50.31,$50.91,$49.29
12/04/2018,$50.82,4275510,$53.04,$53.35,$50.37
12/03/2018,$53.15,2689336,$53.38,$53.77,$51.935
11/30/2018,$52.87,3680864,$51.98,$53.54,$51.94
11/29/2018,$52.3,3852121,$54.38,$54.65,$51.92
11/28/2018,$54.48,2634948,$53.19,$54.55,$52.9
11/27/2018,$52.99,2405864,$52.29,$53.15,$52.13
11/26/2018,$52.29,3710343,$51.92,$52.89,$51.69
11/23/2018,$51.54,1711619,$51.68,$52.47,$51.36
11/21/2018,$52.33,3275492,$51.18,$52.6794,$51.18
11/20/2018,$50.99,4074130,$49.11,$51.76,$48.27
11/19/2018,$51.26,4402080,$51.2,$51.89,$50.28
11/16/2018,$50.93,12764290,$52.6,$52.6,$49.8301
11/15/2018,$58.99,4864124,$59.9,$60.25,$58.25
11/14/2018,$61.1,3427532,$63.91,$65.24,$60.81
11/13/2018,$63.91,2722349,$65.1,$65.13,$63.73
11/12/2018,$64.3,1897752,$66.03,$66.6,$64.22
11/09/2018,$65.46,1584063,$66.32,$66.35,$65.08
11/08/2018,$66.54,1814520,$65,$67.2,$65
11/07/2018,$66.44,3010811,$67.53,$67.65,$64.59
11/06/2018,$67.46,1778945,$66.87,$67.745,$66.55
11/05/2018,$67.35,1770109,$66.54,$67.45,$65.14
11/02/2018,$66.49,1891237,$66.43,$67.67,$65.68
11/01/2018,$65.49,2603883,$65.6,$66.39,$64.5
10/31/2018,$65.77,5103952,$66.93,$67.7,$65.66
10/30/2018,$66.9,3761691,$63.3,$67.06,$63.29
10/29/2018,$62.59,3906596,$61.87,$64.74,$61.8462
10/26/2018,$61.12,2560826,$61.24,$62.29,$60.16
10/25/2018,$61.5,2195108,$59.39,$61.8,$59.34
10/24/2018,$59.28,3660904,$59.96,$62,$59.1
10/23/2018,$60.13,1266779,$59.87,$60.45,$58.23
10/22/2018,$60.52,2210315,$59.73,$60.98,$59.73
10/19/2018,$59.44,1656356,$59.93,$60.54,$58.93
10/18/2018,$60.11,1305494,$60.3,$60.96,$59.64
10/17/2018,$60.41,1656393,$62.11,$62.61,$59.87
10/16/2018,$62.56,1287834,$62.08,$62.68,$61.31
10/15/2018,$61.88,1547870,$61.79,$62.29,$61.25
10/12/2018,$61.49,2218750,$60.02,$61.66,$59.76
10/11/2018,$59.29,1949827,$60.87,$61.82,$59.25
10/10/2018,$60.98,1886105,$61.53,$62.59,$60.88
10/09/2018,$61.4,2173944,$61.496,$62.49,$60.83
10/08/2018,$61.92,2665947,$59.99,$62.11,$59.86
10/05/2018,$60.26,2958710,$59.53,$60.845,$59.25
10/04/2018,$59.33,2914817,$59.01,$59.97,$58.93
10/03/2018,$59.28,1844364,$58.75,$59.52,$58.31
10/02/2018,$58.54,1709764,$60.68,$60.92,$58.5
10/01/2018,$60.63,2078572,$60.03,$61.12,$59.81
09/28/2018,$59.81,1691771,$60.14,$60.63,$59.535
09/27/2018,$60.02,1477393,$60.18,$60.57,$59.83
09/26/2018,$60.38,1797200,$59.83,$61.38,$59.75
09/25/2018,$59.74,2559752,$60.36,$60.68,$59.47
09/24/2018,$59.99,1702150,$60.33,$60.86,$59.66
09/21/2018,$60.34,3464036,$61.16,$62.02,$60.17
09/20/2018,$61.03,4146074,$63.75,$63.78,$60.72
09/19/2018,$64.14,1311653,$64.14,$64.73,$63.5701
09/18/2018,$64.06,1444218,$64.16,$64.78,$63.93
09/17/2018,$64.1,1606169,$65.4,$65.4625,$63.78
09/14/2018,$65.5,1815315,$65.58,$65.58,$64.31
09/13/2018,$65.48,1443545,$65.73,$66.09,$65.14
09/12/2018,$65.84,1198203,$65.75,$66.01,$65.09
09/11/2018,$65.66,1845802,$65.31,$66.1,$65.2
09/10/2018,$65.49,2029065,$65.98,$66.273,$65.23
09/07/2018,$65.72,2317794,$64.97,$66.335,$64.52
09/06/2018,$65.11,2459603,$65.16,$66.3,$64.9495
09/05/2018,$64.83,5209888,$64.99,$65.78,$64.07
09/04/2018,$65.02,3320082,$63.37,$65.06,$63.3
08/31/2018,$62.85,2707720,$61.79,$63.03,$61.68
08/30/2018,$62.25,2057859,$60.89,$62.28,$60.89
08/29/2018,$61.38,2899794,$61.71,$61.75,$59.92
08/28/2018,$61.99,2333514,$60.77,$62.35,$60.61
08/27/2018,$60.59,2528910,$61.99,$61.99,$60.3
08/24/2018,$62.06,5098815,$61.77,$62.74,$61.575
08/23/2018,$62,2685103,$60.79,$62.18,$60.41
08/22/2018,$60.57,2180145,$61.56,$61.98,$60.51
08/21/2018,$61.35,4428716,$61.73,$62.05,$60.49
08/20/2018,$61.56,9035684,$59.39,$61.73,$59.07
08/17/2018,$59.18,17067260,$55.65,$59.25,$55.27
08/16/2018,$52.28,5397081,$52.11,$52.64,$50.9308
08/15/2018,$51.86,3667552,$54.02,$54.08,$51.48
08/14/2018,$54.88,2883711,$53.38,$54.97,$53.31
08/13/2018,$52.95,1791652,$52.7,$53.3,$52.55
08/10/2018,$52.58,2211533,$52.26,$53.3,$52.06
08/09/2018,$52.55,1890600,$51.7,$52.6724,$51.53
08/08/2018,$51.57,1591304,$50.68,$51.63,$50.67
08/07/2018,$50.99,2951095,$50.79,$51.35,$50.06
08/06/2018,$50.93,1746599,$50.24,$51.08,$50.19
08/03/2018,$50.58,2203378,$50.96,$51.47,$49.97
08/02/2018,$50.75,2235347,$50.19,$50.98,$49.88
08/01/2018,$50.26,1984465,$51.99,$52.23,$50.16
07/31/2018,$52.41,1428620,$52.82,$53.1,$52.09
07/30/2018,$52.49,1247966,$51.89,$52.805,$51.89
07/27/2018,$51.97,1269229,$52.93,$53.28,$51.81
07/26/2018,$52.83,1181416,$53.55,$54.28,$52.76
07/25/2018,$53.41,1430555,$52.79,$53.425,$52.67
07/24/2018,$52.52,1445951,$53.16,$53.285,$52.33
07/23/2018,$53.1,1705412,$52.48,$53.49,$52.41
07/20/2018,$52.59,4550205,$53.76,$54.61,$52.52
07/19/2018,$54.03,1164600,$53,$54.09,$52.99
07/18/2018,$53.06,1314801,$52.4,$53.18,$52.31
07/17/2018,$52.31,1337920,$52.25,$52.7,$51.66
07/16/2018,$52.43,1282461,$52.24,$52.76,$51.72
07/13/2018,$52.18,2312595,$53.25,$53.86,$52.02
07/12/2018,$53.39,3253286,$53.55,$53.69,$52.44
07/11/2018,$53.42,3057374,$52.03,$53.55,$51.63
07/10/2018,$52.09,7673791,$52,$52.43,$50.31
07/09/2018,$53.52,4129993,$54,$54.11,$52.37
07/06/2018,$53.95,3269122,$53.01,$54.09,$52.885
07/05/2018,$53.12,3728793,$51.88,$53.17,$51.68
07/03/2018,$51.38,927720,$50.81,$51.83,$50.78
07/02/2018,$50.71,2246281,$50,$50.71,$49.13
06/29/2018,$51.78,1525115,$52.68,$52.81,$51.7
06/28/2018,$52.38,1302621,$51.24,$52.555,$51.03
06/27/2018,$51.33,1737932,$51.41,$52.2,$51.22
06/26/2018,$51.57,2111317,$51.09,$51.66,$50.35
06/25/2018,$50.9,1729528,$51.17,$51.67,$50.67
06/22/2018,$51.43,2070234,$53,$53.05,$51.34
06/21/2018,$52.78,2066628,$52.25,$52.98,$51.98
06/20/2018,$51.83,1097091,$51.49,$51.91,$51.04
06/19/2018,$51.18,1728743,$51.04,$51.59,$50.82
06/18/2018,$51.6,1779926,$50.35,$51.63,$50.2607
06/15/2018,$50.49,2391375,$49.77,$50.53,$49.41
06/14/2018,$49.87,3028676,$51.37,$51.37,$49.735
06/13/2018,$51.49,2018396,$53.15,$53.25,$51.44
06/12/2018,$52.93,2101780,$52.38,$53.36,$52.06
06/11/2018,$52.26,1905144,$52.5,$53.075,$52.17
06/08/2018,$52.47,1624831,$51.91,$52.55,$51.55
06/07/2018,$52.19,2463220,$52,$53.41,$51.41
06/06/2018,$51.84,1724726,$51.69,$51.99,$51.27
06/05/2018,$51.74,2844160,$51,$52.03,$50.79
06/04/2018,$50.95,1861808,$49.83,$51.01,$49.7419
06/01/2018,$49.59,1332331,$49.08,$50.08,$49.08
05/31/2018,$49.03,2222105,$48.8,$49.4,$48.31
05/30/2018,$49,1603235,$49.17,$49.68,$48.77
05/29/2018,$48.96,1645781,$48.69,$49.15,$48.6
05/25/2018,$48.93,2491832,$48.53,$49.38,$48.09
05/24/2018,$48.74,3065795,$47.53,$49.26,$47.52
05/23/2018,$47.62,3079634,$46.32,$47.735,$46.18
05/22/2018,$45.77,3483038,$46.06,$46.5499,$45.61
05/21/2018,$45.84,3733920,$45.73,$46.36,$45.25
05/18/2018,$45.36,11419370,$46.83,$47.2,$45.35
05/17/2018,$50.91,5106775,$50.64,$51.87,$50.51
05/16/2018,$51.05,3039900,$51.06,$51.56,$49.55
05/15/2018,$49.86,1551848,$49.12,$50.04,$48.68
05/14/2018,$49.32,2139463,$49,$49.45,$48.75
05/11/2018,$48.8,925052,$48.24,$49.16,$47.96
05/10/2018,$48.58,1680667,$48.85,$48.89,$47.56
05/09/2018,$49.27,1876781,$48.5,$49.42,$47.99
05/08/2018,$48.4,1176587,$48.46,$48.815,$48.05
05/07/2018,$48.52,1078127,$49.74,$49.74,$47.99
05/04/2018,$49.49,1044004,$49.11,$49.69,$48.57
05/03/2018,$49.28,2264447,$50.04,$50.09,$49.23
05/02/2018,$50.2,1195247,$49.99,$50.48,$49.27
05/01/2018,$50.17,1349953,$49.9,$51.1,$49.46
04/30/2018,$50.56,2366837,$51.71,$52.14,$50.53
04/27/2018,$51.6,2404670,$49.52,$51.62,$49.51
04/26/2018,$49.68,1690663,$48.6,$49.76,$48.37
04/25/2018,$48.73,1371034,$47.8,$48.81,$47.28
04/24/2018,$47.89,1475487,$48.17,$48.8,$47.62
04/23/2018,$48.15,1438262,$46.82,$48.24,$46.72
04/20/2018,$46.78,1327690,$46.76,$47.87,$46.53
04/19/2018,$46.72,1652873,$47.06,$47.1099,$45.81
04/18/2018,$47.28,1022069,$47.39,$48.12,$47.23
04/17/2018,$47.15,1386398,$48.25,$48.34,$47.07
04/16/2018,$47.85,1348643,$47.66,$48.0515,$47
04/13/2018,$47.39,1536770,$48.64,$48.78,$47.15
04/12/2018,$48.37,1106585,$49.02,$49.42,$48.1
04/11/2018,$49.01,940279,$49.04,$49.82,$48.88
04/10/2018,$49.47,1478528,$48.57,$49.67,$48.54
04/09/2018,$48.03,1642528,$48.37,$48.73,$47.58
04/06/2018,$48.03,1308794,$49.65,$49.95,$47.65
04/05/2018,$50.07,764123,$49.55,$50.14,$49.17
04/04/2018,$49.42,1173986,$47.59,$49.5,$47.56
04/03/2018,$48.2,1119413,$47.64,$48.22,$47.52
04/02/2018,$47.53,2278674,$48.29,$48.95,$46.71
03/29/2018,$48.41,1158087,$48.11,$48.98,$47.94
03/28/2018,$47.9,1170362,$47.41,$49.11,$47.27
03/27/2018,$47.37,1869987,$47.08,$48.47,$46.91
03/26/2018,$47.13,1407386,$46.89,$47.48,$46.6435
03/23/2018,$46.36,1896538,$46.99,$47.56,$46.25
03/22/2018,$46.87,1357811,$47.36,$48.12,$46.83
03/21/2018,$47.7,3537751,$48.2,$48.4,$47.32
03/20/2018,$49.35,1103166,$49.59,$49.68,$48.84
03/19/2018,$49.36,1066583,$49.34,$49.77,$49
03/16/2018,$49.32,1958619,$48.81,$49.84,$48.77
03/15/2018,$48.92,2321836,$49.46,$49.56,$48.725
03/14/2018,$49.48,1401271,$50.35,$50.61,$49.35
03/13/2018,$50.33,1203484,$50,$50.97,$49.89
03/12/2018,$49.85,1401232,$49.91,$50.31,$49.38
03/09/2018,$49.99,2147764,$50.43,$50.759,$49.38
03/08/2018,$50.13,2446514,$51.42,$51.52,$49.95
03/07/2018,$51.05,2257664,$52.19,$52.33,$50.64
03/06/2018,$52.49,3277233,$50.99,$52.51,$50.81
03/05/2018,$51.9,2966431,$52.9,$53.18,$51.74
03/02/2018,$53.04,4979173,$47.85,$53.23,$47.46
03/01/2018,$50.48,3397812,$50.65,$50.87,$49.15
02/28/2018,$51.31,2166933,$51.51,$51.95,$50.89
02/27/2018,$51.03,2766815,$53.14,$53.53,$51.01
02/26/2018,$52.4,2237296,$53.63,$53.8,$52.21
02/23/2018,$53.56,7121275,$50.69,$54,$50.23
02/22/2018,$50.27,1014627,$50.16,$50.7368,$50
02/21/2018,$50.06,1125792,$50.52,$51.1,$50.04
02/20/2018,$50.49,1343886,$50.97,$51.43,$50.15
02/16/2018,$51.5,1346662,$51.13,$51.8,$50.9
02/15/2018,$51.24,1333622,$50.76,$51.6,$50.3
02/14/2018,$50.36,1487097,$48.87,$50.67,$48.49
02/13/2018,$49.17,1001251,$48.3,$49.23,$48.18
02/12/2018,$48.37,910082,$48.18,$48.76,$47.67
02/09/2018,$47.89,2074670,$47.67,$48.61,$46.2
02/08/2018,$47.23,1791408,$48.89,$49.08,$47.2
02/07/2018,$49.3,2189631,$49.35,$50.15,$48.5
02/06/2018,$48.26,2463763,$47.06,$48.75,$46.1
02/05/2018,$46.64,2602322,$47.58,$48.49,$46.51
02/02/2018,$47.85,1842334,$48.82,$49.41,$47.53
02/01/2018,$49.23,1447209,$48.9,$51,$48.4
01/31/2018,$49.31,1357407,$49.61,$50.15,$49.07
01/30/2018,$49.41,1608686,$50.6,$50.81,$49.05
01/29/2018,$50.89,1295985,$50.25,$51.25,$50.25
01/26/2018,$50.4,2416973,$49.54,$50.4,$49.05
01/25/2018,$49.5,1945760,$50.91,$51,$49.38
01/24/2018,$50.62,2557742,$51.92,$52.24,$50.13
01/23/2018,$52,1180759,$51.82,$52.4924,$51.41
01/22/2018,$52.82,1100002,$52,$52.83,$51.51
01/19/2018,$52,1493263,$51.42,$52.1,$51.06
01/18/2018,$51.22,871578,$50.84,$51.4,$50.69
01/17/2018,$50.97,1217288,$50.52,$51.16,$50.13
01/16/2018,$50.18,1968736,$51.85,$51.97,$50.04
01/12/2018,$51.82,5201304,$50.38,$53,$50.295
01/11/2018,$50.09,2008416,$49.36,$50.11,$48.71
01/10/2018,$49.2,3097231,$47.64,$49.5,$47.55
01/09/2018,$47.89,1709293,$48.24,$48.24,$47.445
01/08/2018,$48.27,1771969,$48.56,$49.24,$47.55
01/05/2018,$48.25,1352990,$48.22,$48.65,$47.9
01/04/2018,$48.06,2351475,$48.38,$48.625,$46.3
01/03/2018,$48.65,2138922,$49.3,$49.7,$48.53
01/02/2018,$49.12,3562343,$48.76,$49.86,$48.51
12/29/2017,$47.38,1149723,$47.78,$48.07,$47.28
12/28/2017,$47.71,1270979,$47.92,$47.92,$47.19
12/27/2017,$47.93,2055334,$48.24,$48.49,$47.69
12/26/2017,$48.47,1585632,$47.6,$49.09,$47.592
12/22/2017,$47.54,1715969,$47.52,$47.75,$47.27
12/21/2017,$47.5,1232457,$46.84,$47.68,$46.75
12/20/2017,$46.84,1816309,$46.81,$47.13,$46.31
12/19/2017,$46.51,1323086,$46.81,$46.99,$45.99
12/18/2017,$46.63,1741335,$45.74,$46.82,$45.6201
12/15/2017,$45.49,2854172,$45.32,$46.0399,$45.16
12/14/2017,$44.96,1719117,$46.25,$46.84,$44.86
12/13/2017,$46.27,1383989,$45.89,$46.49,$45.56
12/12/2017,$45.74,1653300,$45.08,$46.39,$45.08
12/11/2017,$45.84,1683980,$45.96,$46.11,$45.37
12/08/2017,$45.78,1429134,$45.02,$45.83,$44.68
12/07/2017,$44.98,2123782,$45.81,$46.01,$44.69
12/06/2017,$45.32,2354876,$46.2,$46.55,$45.11
12/05/2017,$46.15,2100242,$47.19,$47.19,$45.62
12/04/2017,$47.26,3982844,$46.14,$47.85,$46.13
12/01/2017,$45.5,2444803,$45.38,$45.94,$44.4
11/30/2017,$45.45,4540218,$45.61,$46.96,$45.151
11/29/2017,$45.76,7680403,$42.87,$46.35,$42.78
11/28/2017,$42.67,2103450,$41.39,$42.72,$41.11
11/27/2017,$41.34,2856288,$41.08,$41.8999,$40.61
11/24/2017,$40.96,974197,$41.23,$41.48,$40.71
11/22/2017,$41.16,1606369,$41.27,$41.88,$41.045
11/21/2017,$41.3,1458947,$41.37,$41.46,$40.41
11/20/2017,$41.44,1899757,$40.91,$41.465,$40.37
11/17/2017,$40.86,2346183,$40.86,$41.22,$40.32
11/16/2017,$39.97,2033639,$39.56,$40.5,$39.03
11/15/2017,$39.19,2158775,$38.8,$39.77,$38.56
11/14/2017,$39.16,1968910,$38.42,$39.37,$38.42
11/13/2017,$38.72,2871574,$39.71,$40.19,$38.47
11/10/2017,$40.03,7114324,$39.41,$40.5,$38.4
11/09/2017,$40.03,6818114,$38.85,$40.8,$38.39
11/08/2017,$38.3,1861070,$38.13,$38.66,$37.7924
11/07/2017,$38.31,2364945,$39.12,$39.16,$38.14
11/06/2017,$39.26,2701550,$38.5,$39.36,$38.16
11/03/2017,$38.5,1641315,$39.2,$39.405,$38.43
11/02/2017,$39.35,1885950,$40.1,$40.42,$39.28
11/01/2017,$39.94,1891380,$39.77,$40.5,$39.57
10/31/2017,$39.65,2143316,$39.95,$40.24,$39.36
10/30/2017,$40,3010956,$40.75,$40.88,$39.66
10/27/2017,$40.97,2331480,$41.37,$41.57,$40.62
10/26/2017,$42.21,2791221,$41.67,$42.69,$41.35
10/25/2017,$41.52,2209301,$41.6,$41.67,$41.05
10/24/2017,$41.61,1459462,$41.84,$42.09,$41.46
10/23/2017,$41.77,1350632,$42.15,$42.56,$41.74
10/20/2017,$42.15,1777846,$41.99,$42.19,$41.695
10/19/2017,$41.73,1123742,$41.76,$42.25,$41.57
10/18/2017,$42.01,3962212,$41.45,$42.5,$41.38
10/17/2017,$41.45,3990828,$40.34,$41.47,$40.0958
10/16/2017,$40.4,10611420,$40.54,$41.4,$39.63
10/13/2017,$42.65,1424253,$42.48,$42.88,$42.17
10/12/2017,$42.59,2944904,$42.71,$42.8,$42.12
10/11/2017,$42.92,2257865,$43.4,$43.51,$42.7
10/10/2017,$43.38,1323741,$43.59,$43.97,$43.23
10/09/2017,$43.54,1266152,$44.44,$44.67,$43.221
10/06/2017,$44.31,1390942,$44.63,$44.93,$44.15
10/05/2017,$44.8,2171051,$44.26,$44.97,$43.9
10/04/2017,$44.25,3487904,$44.349,$44.449,$43.8
10/03/2017,$44.2,4014592,$44,$44.31,$43.3
10/02/2017,$44.18,7687533,$45.04,$45.04,$43.5
09/29/2017,$47.15,1453851,$47.53,$47.6,$47.05
09/28/2017,$47.4,1661716,$47.51,$47.72,$47.18
09/27/2017,$47.44,1344657,$47.55,$47.81,$46.9432
09/26/2017,$47.53,1600996,$47.46,$47.71,$47.05
09/25/2017,$47.32,1544727,$46.68,$47.76,$46.57
09/22/2017,$46.88,1552685,$46.42,$46.935,$46.32
09/21/2017,$46.28,1108746,$46.3,$46.46,$45.86
09/20/2017,$46.22,1492460,$46.1,$46.28,$45.83
09/19/2017,$46.22,1803434,$46.85,$47.08,$46.21
09/18/2017,$46.64,1549832,$46.76,$47.18,$46.61
09/15/2017,$46.74,3004912,$46.66,$47.29,$46.51
09/14/2017,$46.74,3296789,$47.7,$47.72,$46.36
09/13/2017,$47.74,9557004,$47.9,$48.11,$46.94
09/12/2017,$45.05,4848133,$44.89,$45.97,$44.66
09/11/2017,$44.72,5101426,$45.13,$45.9599,$43.59
09/08/2017,$46.1,1123847,$46.22,$46.29,$45.42
09/07/2017,$46.21,1110059,$46.9,$47,$45.85
09/06/2017,$46.72,1496550,$46.48,$46.95,$46.3
09/05/2017,$46.2,1747480,$46.37,$46.8,$45.93
09/01/2017,$46.44,1863397,$44.86,$46.595,$44.701
08/31/2017,$44.62,1460250,$44.29,$45.06,$44.23
08/30/2017,$44.29,1459868,$44.53,$45.09,$44.23
08/29/2017,$44.54,1316841,$44.52,$44.89,$44.16
08/28/2017,$45.06,1408111,$45.4,$45.4,$44.47
08/25/2017,$45.34,1878360,$43.89,$46.02,$43.89
08/24/2017,$43.82,1771053,$45.21,$45.42,$43.705
08/23/2017,$44.6,1004114,$44.17,$44.78,$43.98
08/22/2017,$44.52,908937,$44.08,$44.67,$43.92
08/21/2017,$43.77,1660212,$44.29,$44.54,$43.67
08/18/2017,$44.33,1284938,$44.26,$44.73,$44.06
08/17/2017,$44.44,1281614,$44.26,$44.7,$43.811
08/16/2017,$44.58,1170166,$45.02,$45.59,$44.44
08/15/2017,$44.66,1830282,$45.07,$45.13,$44.32
08/14/2017,$45.36,2255280,$45.41,$45.87,$44.96
08/11/2017,$44.9,6547932,$44.35,$46,$43.74
08/10/2017,$44.87,5459363,$46.1,$46.69,$44.55
08/09/2017,$46.88,1838878,$47,$47.2083,$46.33
08/08/2017,$47.41,1530332,$48.75,$48.86,$47.36
08/07/2017,$47.49,1731435,$47.1,$47.87,$46.86
08/04/2017,$46.81,2088844,$46.97,$47.325,$46.47
08/03/2017,$46.85,2828084,$46.37,$47.8225,$46.35
08/02/2017,$46.49,3700665,$46.88,$47.67,$46.24
08/01/2017,$48.94,926814,$48.55,$49.005,$47.96
07/31/2017,$48.57,1141388,$48.97,$48.98,$48.01
07/28/2017,$48.56,2152445,$49.199,$49.28,$47.9
07/27/2017,$48.97,3965059,$47.82,$50.32,$47.53
07/26/2017,$47.86,1004953,$48.23,$48.23,$47.46
07/25/2017,$48.09,2062381,$47.17,$48.69,$47.08
07/24/2017,$46.9,993198,$47.25,$47.38,$46.8
07/21/2017,$47.44,781796,$47.11,$47.46,$46.63
07/20/2017,$47.1,718427,$47.09,$47.32,$46.42
07/19/2017,$46.94,1114480,$46.44,$47.1,$46.23
07/18/2017,$46.27,1709111,$47.14,$47.47,$45.97
07/17/2017,$47.41,1100998,$46.86,$47.86,$46.82
07/14/2017,$46.85,1343483,$47.36,$47.45,$46.53
07/13/2017,$47.33,2511531,$46.9,$48.21,$46.89
07/12/2017,$46.61,1273611,$46.5,$46.9,$46.17
07/11/2017,$46.45,1207768,$46.24,$46.8,$46.06
07/10/2017,$46.22,2258934,$47.26,$47.26,$45.99
07/07/2017,$47.54,1118819,$47.47,$47.98,$47.08
07/06/2017,$47.38,1241157,$47.92,$48.09,$47.18
07/05/2017,$48.12,1748859,$48.3,$48.95,$48
07/03/2017,$48.41,912348,$48.08,$48.88,$47.97
06/30/2017,$47.83,1398771,$47.86,$48.11,$47.31
06/29/2017,$47.56,1760715,$47.79,$48.07,$47.09
06/28/2017,$47.68,1690317,$48.08,$48.23,$47.29
06/27/2017,$47.67,1567229,$47.94,$48.43,$47.64
06/26/2017,$47.8,1549567,$48.02,$48.3,$47.48
06/23/2017,$48,3205435,$47.48,$48.04,$46.93
06/22/2017,$47.48,3747920,$45.86,$47.84,$45.73
06/21/2017,$46.08,2126868,$45.93,$46.27,$45
06/20/2017,$46.16,2736991,$48.03,$48.03,$46.09
06/19/2017,$48.06,2223615,$47.56,$48.3,$46.78
06/16/2017,$47.5,3441529,$46.25,$47.505,$45.71
06/15/2017,$47,2728144,$47.27,$48.23,$46.91
06/14/2017,$47.32,2120041,$46.41,$47.38,$45.54
06/13/2017,$46.38,2082492,$46.43,$47.15,$46.11
06/12/2017,$46.47,3799449,$47.06,$48.3265,$46.385
06/09/2017,$47.16,10743040,$44.11,$48.05,$43.3991
06/08/2017,$44.63,23130370,$46.94,$47.9,$43.75
06/07/2017,$40.48,2510027,$40.23,$40.624,$39.87
06/06/2017,$40.14,4560179,$41.51,$41.66,$39.715
06/05/2017,$41.65,2197486,$42.23,$42.34,$41.47
06/02/2017,$42.47,1485645,$42.94,$43.225,$42.21
06/01/2017,$42.88,2168713,$41.92,$42.94,$41.71
05/31/2017,$41.8,3167161,$42.37,$42.37,$41.13
05/30/2017,$42.44,1657857,$42.54,$42.7,$42.25
05/26/2017,$42.47,2291178,$41.98,$42.54,$41.63
05/25/2017,$41.8,1673441,$41.89,$42.47,$41.67
05/24/2017,$41.29,1794769,$41.36,$41.43,$40.68
05/23/2017,$41.55,1829444,$42.12,$42.14,$41.22
05/22/2017,$42.04,2498212,$40.98,$42.26,$40.79
05/19/2017,$40.77,2762583,$41.23,$41.23,$39.53
05/18/2017,$40.66,1933059,$41.06,$41.49,$40.47
05/17/2017,$40.81,3413105,$40.85,$41.54,$40.7
05/16/2017,$40.64,4629049,$41.11,$41.11,$40.28
05/15/2017,$41.4,5152720,$41.36,$42.5773,$41.23
05/12/2017,$41.2,18895120,$43.57,$43.59,$41
05/11/2017,$46.21,10990610,$48.5,$48.77,$45.8
05/10/2017,$50.01,2496689,$48.99,$50.04,$48.7
05/09/2017,$49.35,1985245,$48.94,$49.41,$48.63
05/08/2017,$48.7,1706227,$49.34,$49.67,$48.68
05/05/2017,$49.01,2026561,$49.32,$49.5,$48.705
05/04/2017,$49.14,2999031,$49.79,$50.22,$49.1
05/03/2017,$49.64,3112693,$48.6,$49.76,$48.36
05/02/2017,$48.64,2030996,$47.485,$48.83,$47.29
05/01/2017,$47.35,1742730,$48.31,$48.55,$47.35
04/28/2017,$48.27,2518907,$47.8,$48.45,$47.52
04/27/2017,$48.3,1968483,$47.67,$48.355,$47.23
04/26/2017,$47.68,1825322,$47.3,$48.1,$47.07
04/25/2017,$47.15,1689209,$47.5,$47.77,$46.8
04/24/2017,$47.23,1864466,$48.23,$48.255,$46.82
04/21/2017,$47.62,1943628,$47.73,$47.98,$47.2008
04/20/2017,$47.87,3037210,$46.93,$48.42,$46.93
04/19/2017,$46.53,2285489,$46.37,$47.41,$46.37
04/18/2017,$46.08,1530858,$46.03,$46.39,$45.61
04/17/2017,$46.1,2222209,$46.24,$46.74,$45.68
04/13/2017,$46.57,2770041,$46.4,$46.82,$46.19
04/12/2017,$46.43,3405347,$46.41,$46.72,$45.79
04/11/2017,$46.57,2324763,$45.44,$46.58,$45.06
04/10/2017,$45.4,1724748,$44.72,$46.08,$44.72
04/07/2017,$44.53,1819482,$44.52,$44.93,$44.1501
04/06/2017,$44.72,3545309,$43.92,$45.9,$43.85
04/05/2017,$43.44,2378807,$44.02,$44.79,$43.351
04/04/2017,$43.92,3867526,$46.09,$46.09,$43.82
04/03/2017,$46.48,3085864,$46.57,$47.03,$45.55
03/31/2017,$46.57,2645203,$46.4,$46.85,$46.29
03/30/2017,$46.45,2180573,$45.59,$46.5,$45.41
03/29/2017,$45.92,5004310,$43.5,$45.99,$43.31
03/28/2017,$43.58,2897090,$42.12,$43.6,$42.12
03/27/2017,$42.46,2645535,$41.52,$42.66,$41.39
03/24/2017,$41.95,2107705,$41.55,$42.13,$41.18
03/23/2017,$41.61,2713891,$42.39,$42.77,$41.505
03/22/2017,$41.96,2650124,$41.87,$42.05,$40.695
03/21/2017,$41.81,3212697,$42.59,$42.75,$40.86
03/20/2017,$42.58,2651226,$43.98,$44.08,$42.45
03/17/2017,$43.92,3366959,$44.55,$44.66,$43.66
03/16/2017,$44.31,2343529,$44.07,$44.83,$43.68
03/15/2017,$44.34,1776801,$43.6,$44.545,$43.44
03/14/2017,$43.78,1832484,$43.64,$43.89,$43.37
03/13/2017,$43.6,2349970,$44.4,$44.52,$43.42
03/10/2017,$44.45,2788888,$44.87,$45.1,$44.28
03/09/2017,$44.67,2098329,$45.05,$45.39,$44.41
03/08/2017,$45.15,2671094,$44.14,$45.53,$44.14
03/07/2017,$44.03,3749734,$45,$45.55,$43.98
03/06/2017,$45.5,3979250,$45.97,$46.06,$44.62
03/03/2017,$46.35,2270376,$46.74,$46.9,$45.7602
03/02/2017,$46.65,4164362,$45.74,$46.7,$45.39
03/01/2017,$45.6,4672856,$46.87,$47.05,$44.7
02/28/2017,$46.66,4704488,$47.1,$47.54,$46.08
02/27/2017,$47.61,7315332,$46.32,$48.16,$46.13
02/24/2017,$46.46,12959060,$44.97,$47.03,$44
02/23/2017,$43.94,5318200,$44.86,$45.05,$43.66
02/22/2017,$45.35,2459548,$45.98,$46.13,$44.77
02/21/2017,$45.87,3306965,$46.12,$46.65,$45.65
02/17/2017,$45.69,4295882,$44.31,$45.97,$44.14
02/16/2017,$44.18,3284126,$46.05,$46.19,$44.05
02/15/2017,$46.12,4031784,$45.66,$46.47,$45.44
02/14/2017,$45.44,2550259,$44.31,$45.8,$44.31
02/13/2017,$44.36,3018812,$45.375,$45.47,$43.72
02/10/2017,$45,3121733,$45.78,$46.18,$44.2
02/09/2017,$45.55,5420184,$44.59,$46.39,$44.569
02/08/2017,$44.53,5708772,$42.32,$44.55,$42.32
02/07/2017,$42.78,1972553,$43.18,$43.73,$42.65
02/06/2017,$42.88,3015994,$43.74,$44.19,$42.58
02/03/2017,$43.9,4679377,$43.44,$46.09,$43.03
02/02/2017,$43.51,3914598,$42.81,$44.14,$42.5
02/01/2017,$43.82,2354159,$44.55,$44.55,$43.37
01/31/2017,$44.22,2829740,$43.02,$44.34,$42.4
01/30/2017,$43.7,2220274,$42.76,$43.79,$42.62
01/27/2017,$42.83,3298454,$44.45,$44.45,$42.32
01/26/2017,$44.32,2705788,$45.04,$45.64,$44.27
01/25/2017,$45.01,1663331,$45.19,$45.5,$44.8
01/24/2017,$44.99,1689499,$44.44,$45.09,$44.32
01/23/2017,$44.41,3116448,$44.23,$45,$43.99
01/20/2017,$44.64,4063718,$42.97,$44.77,$42.97
01/19/2017,$42.93,3588133,$44.39,$44.57,$42.86
01/18/2017,$44.31,3708380,$45.22,$45.22,$42.9
01/17/2017,$44.38,2022978,$43.65,$45.04,$43.511
01/13/2017,$44.2,2337349,$45.02,$45.1399,$44.09
01/12/2017,$45.03,1903266,$44.69,$45.44,$44.39
01/11/2017,$44.9,3031351,$45.83,$45.915,$44.46
01/10/2017,$45.67,2325001,$45.1,$45.98,$44.89
01/09/2017,$45.05,2269533,$45.42,$45.6,$45.01
01/06/2017,$45.47,3088103,$45.42,$46.15,$45.15
01/05/2017,$45.56,7407361,$45.12,$45.68,$44.02
01/04/2017,$48.92,3773815,$47.85,$49.195,$47.75
01/03/2017,$47.62,3966623,$48.24,$48.54,$47.3
12/30/2016,$47.93,1552133,$48.44,$48.77,$47.75
12/29/2016,$48.29,1455265,$48.27,$48.89,$47.93
12/28/2016,$48.41,1670213,$49,$49.27,$48.17
12/27/2016,$48.96,2313174,$48.92,$49.53,$48.42
12/23/2016,$48.75,2331184,$48.53,$49.72,$48.5
12/22/2016,$48.24,3840789,$51.22,$51.22,$48.01
12/21/2016,$51.21,1513874,$51.91,$52.11,$51.21
12/20/2016,$51.77,2844318,$51,$52.13,$50.96
12/19/2016,$50.84,4001414,$50.4,$51.24,$50.16
12/16/2016,$50.48,10747880,$53.07,$53.13,$50.2
12/15/2016,$55.28,2205033,$57.39,$57.57,$55.25
12/14/2016,$57.02,3775819,$58.265,$58.41,$56.65
12/13/2016,$58.35,3266967,$57.8,$58.79,$57.26
12/12/2016,$58.41,3785629,$60.24,$60.51,$58.04
12/09/2016,$60.75,2761231,$61.53,$61.77,$59.96
12/08/2016,$61.49,4140960,$59.6,$61.85,$59.57
12/07/2016,$60.09,3345504,$57.38,$60.1,$57
12/06/2016,$57.26,1870523,$57.33,$57.57,$56.58
12/05/2016,$57.2,2702570,$57.04,$57.99,$56.64
12/02/2016,$56.54,2088123,$56.12,$57.05,$55.844
12/01/2016,$56.04,3454799,$55.77,$57.67,$55.3
11/30/2016,$55.92,4235695,$56.21,$56.655,$55.55
11/29/2016,$56.35,2858180,$56.21,$56.89,$55.9
11/28/2016,$56.06,4387599,$57.82,$57.82,$55.83
11/25/2016,$57.85,1147145,$58.86,$59.08,$57.74
11/23/2016,$58.53,2428321,$57.32,$58.56,$57.05
11/22/2016,$57.9,2472357,$58.07,$58.59,$57.86
11/21/2016,$57.73,3210678,$58.47,$58.94,$57.5
11/18/2016,$58.94,4053673,$57.81,$59.5,$56.79
11/17/2016,$58.5,2659752,$58.5,$59,$57.671
11/16/2016,$58.3,4020103,$58.25,$58.81,$57.61
11/15/2016,$58.3,4611538,$59.74,$59.74,$57.85
11/14/2016,$59.55,10520430,$59.06,$62.82,$59.06
11/11/2016,$58.72,11522560,$57.5,$59.18,$55.05
11/10/2016,$56.03,10603620,$53.99,$57.33,$53.99
11/09/2016,$52.29,5367899,$50.99,$52.65,$50.18
11/08/2016,$52.05,2976243,$51.81,$52.57,$51.165
11/07/2016,$51.82,1724500,$51.29,$51.85,$51.24
11/04/2016,$50.39,2260685,$50.39,$50.92,$50.11
11/03/2016,$50.21,2201623,$51.11,$51.605,$50.11
11/02/2016,$50.94,3006996,$50.77,$51.47,$50.39
11/01/2016,$50.86,3275171,$51.97,$52.22,$50.11
10/31/2016,$52,2626183,$52.14,$52.8,$51.7
10/28/2016,$52.7,3375961,$52.48,$53.3,$51.73
10/27/2016,$52.5,3548102,$54.49,$54.54,$52.41
10/26/2016,$54.03,2956270,$53.94,$55.12,$53.94
10/25/2016,$54.14,2748588,$54.22,$54.64,$53.79
10/24/2016,$54.79,2145659,$54.49,$55.11,$54.285
10/21/2016,$54.13,3247077,$52.77,$54.38,$52.59
10/20/2016,$53.11,1677999,$53.31,$53.45,$52.82
10/19/2016,$53.43,2612975,$53.31,$53.64,$53.02
10/18/2016,$53.27,2075395,$53.87,$53.89,$53.1
10/17/2016,$53.27,1762277,$53.57,$54.27,$53.01
10/14/2016,$53.63,3290891,$52.88,$54.1,$52.55
10/13/2016,$53.68,2134528,$54.1,$54.11,$53.17
10/12/2016,$54.54,2337976,$54.16,$54.89,$53.925
10/11/2016,$54.14,2301475,$54.35,$54.86,$53.93
10/10/2016,$54.27,2305403,$54.99,$55.2,$53.58
10/07/2016,$54.83,3604973,$54.3,$55.23,$54.14
10/06/2016,$53.94,3292349,$52.86,$54.6,$52.4
10/05/2016,$53,2420211,$51.86,$53.33,$51.76
10/04/2016,$51.65,2108310,$51.12,$51.78,$50.87
10/03/2016,$51.11,2156232,$51.62,$51.71,$50.95
